albus dumbledore,fear,anger,disgust,shame,guilt,joy,sadness
percent,0.17279104562715472,0.16430913379376746,0.15716685457453117,0.14895011297844643,0.14594868722884025,0.11636669360878277,0.09446747218847723
