environment,fear,disgust,anger,shame,guilt,joy,sadness
percent,0.18621077174791434,0.18238773806732297,0.15572336159364902,0.14614023821146438,0.13492985338300253,0.10458675747897483,0.09002127951767383
