hagrid,shame,disgust,anger,guilt,fear,joy,sadness
percent,0.15756654715997262,0.15600761821264292,0.150551975018598,0.14877576878534166,0.14212663799025438,0.1396772749493579,0.10529417788383243
