harry,disgust,anger,fear,guilt,shame,joy,sadness
percent,0.1648003693706231,0.15647319632351026,0.15555055201494097,0.14739040651343888,0.14720370046697356,0.12097886589742116,0.10760290941309218
