hermione,disgust,fear,shame,anger,guilt,joy,sadness
percent,0.16195318854189283,0.1606362823037014,0.15729411712455443,0.14927686296243992,0.13892153634860366,0.13362812592629034,0.09828988679251748
