ron,disgust,anger,fear,shame,guilt,joy,sadness
percent,0.16903376014460364,0.15718244529903996,0.1553391286448488,0.14892920765984963,0.1472322610859105,0.1191623570411535,0.10312084012459363
