snape,disgust,anger,fear,shame,guilt,joy,sadness
percent,0.16240252907457875,0.15878427500147982,0.15545538843188678,0.1543141139666849,0.15391502730510864,0.11965018646081489,0.09547847975944623
