tom riddle,fear,anger,shame,disgust,guilt,joy,sadness
percent,0.21905299275588766,0.15898695816016542,0.1402205861484867,0.1335866656480162,0.13336342761406145,0.11409899331999891,0.10069037635338371
